name,games,caught_count,caught_rate,steps_mean,steps_median,steps_std,time_mean_ms,time_median_ms,time_std_ms
A*,30,30,1.0,21.3,20.0,3.865660788705255,0.05107546102917466,0.03420852590352297,0.05495156838337953
Greedy,30,30,1.0,20.8,20.0,3.4389921004077144,0.3449018661702393,0.3183954977430403,0.11042343404656944
Minimax,30,30,1.0,20.5,20.0,3.621693894666785,0.6211483879515398,0.6298749940469861,0.10438561879896797
SA,30,25,0.8333333333333334,26.76,23.0,9.500652609163225,9.996242027045978,9.846209082752466,32.28013040114954
